iter,loss,proba_thr,run_time,tuned_hyperparams
1,0.30447407453913344,0.49,38.76,"{'model__colsample_bytree': 0.8, 'model__learning_rate': 0.2, 'model__max_depth': 10, 'model__min_child_weight': 1, 'model__n_estimators': 14, 'model__reg_alpha': 0.001, 'model__reg_lambda': 0.1, 'model__subsample': 0.9}"
2,0.29725402792274547,0.47,39.89,"{'model__colsample_bytree': 0.5, 'model__learning_rate': 0.15, 'model__max_depth': 20, 'model__min_child_weight': 6, 'model__n_estimators': 44, 'model__reg_alpha': 0.01, 'model__reg_lambda': 0.001, 'model__subsample': 0.9}"
3,0.3026847586385504,0.42,40.0,"{'model__colsample_bytree': 1.0, 'model__learning_rate': 0.24, 'model__max_depth': 20, 'model__min_child_weight': 7, 'model__n_estimators': 34, 'model__reg_alpha': 0.01, 'model__reg_lambda': 0.001, 'model__subsample': 0.7}"
4,0.31565729891777783,0.47,39.13,"{'model__colsample_bytree': 1.0, 'model__learning_rate': 0.05, 'model__max_depth': 100, 'model__min_child_weight': 5, 'model__n_estimators': 24, 'model__reg_alpha': 0.1, 'model__reg_lambda': 0.0001, 'model__subsample': 0.9}"
5,0.3160575406323819,0.46,38.75,"{'model__colsample_bytree': 0.9, 'model__learning_rate': 0.07, 'model__max_depth': 100, 'model__min_child_weight': 6, 'model__n_estimators': 18, 'model__reg_alpha': 0.01, 'model__reg_lambda': 0.0001, 'model__subsample': 0.5}"
6,0.3080997936008413,0.45,39.82,"{'model__colsample_bytree': 0.9, 'model__learning_rate': 0.11, 'model__max_depth': 10, 'model__min_child_weight': 7, 'model__n_estimators': 24, 'model__reg_alpha': 0.01, 'model__reg_lambda': 0.01, 'model__subsample': 0.8}"
7,0.30820181599868157,0.45,39.48,"{'model__colsample_bytree': 0.8, 'model__learning_rate': 0.07, 'model__max_depth': 70, 'model__min_child_weight': 4, 'model__n_estimators': 32, 'model__reg_alpha': 0.001, 'model__reg_lambda': 0.01, 'model__subsample': 0.6}"
8,0.30717374414352194,0.46,39.12,"{'model__colsample_bytree': 0.5, 'model__learning_rate': 0.09, 'model__max_depth': 20, 'model__min_child_weight': 7, 'model__n_estimators': 26, 'model__reg_alpha': 1.0, 'model__reg_lambda': 0.0001, 'model__subsample': 0.9}"
9,0.3088767333997787,0.44,37.82,"{'model__colsample_bytree': 0.8, 'model__learning_rate': 0.22, 'model__max_depth': 80, 'model__min_child_weight': 2, 'model__n_estimators': 14, 'model__reg_alpha': 0.001, 'model__reg_lambda': 0.001, 'model__subsample': 0.8}"
10,0.3131616741090698,0.47,39.65,"{'model__colsample_bytree': 0.5, 'model__learning_rate': 0.05, 'model__max_depth': 50, 'model__min_child_weight': 1, 'model__n_estimators': 28, 'model__reg_alpha': 0.1, 'model__reg_lambda': 0.01, 'model__subsample': 1.0}"
11,0.3107288323144173,0.47,43.15,"{'model__colsample_bytree': 0.6, 'model__learning_rate': 0.11, 'model__max_depth': 100, 'model__min_child_weight': 7, 'model__n_estimators': 18, 'model__reg_alpha': 0.001, 'model__reg_lambda': 0.001, 'model__subsample': 0.6}"
12,0.31416620233395853,0.48,42.2,"{'model__colsample_bytree': 0.5, 'model__learning_rate': 0.15, 'model__max_depth': 50, 'model__min_child_weight': 1, 'model__n_estimators': 10, 'model__reg_alpha': 0.01, 'model__reg_lambda': 0.1, 'model__subsample': 0.5}"
13,0.31676384954050685,0.5,38.22,"{'model__colsample_bytree': 0.9, 'model__learning_rate': 0.18, 'model__max_depth': 50, 'model__min_child_weight': 3, 'model__n_estimators': 6, 'model__reg_alpha': 0.01, 'model__reg_lambda': 0.01, 'model__subsample': 1.0}"
14,0.3402211531670106,0.51,38.39,"{'model__colsample_bytree': 0.7, 'model__learning_rate': 0.05, 'model__max_depth': 1, 'model__min_child_weight': 10, 'model__n_estimators': 28, 'model__reg_alpha': 0.1, 'model__reg_lambda': 1.0, 'model__subsample': 0.7}"
15,0.4675764971786883,0.5,38.15,"{'model__colsample_bytree': 0.9, 'model__learning_rate': 0.01, 'model__max_depth': 70, 'model__min_child_weight': 9, 'model__n_estimators': 2, 'model__reg_alpha': 0.01, 'model__reg_lambda': 0.1, 'model__subsample': 0.7}"
16,0.3063026298235012,0.45,39.72,"{'model__colsample_bytree': 0.7, 'model__learning_rate': 0.3, 'model__max_depth': 10, 'model__min_child_weight': 5, 'model__n_estimators': 28, 'model__reg_alpha': 1.0, 'model__reg_lambda': 0.01, 'model__subsample': 0.9}"
17,0.4675764971786883,0.5,37.08,"{'model__colsample_bytree': 0.9, 'model__learning_rate': 0.01, 'model__max_depth': 80, 'model__min_child_weight': 3, 'model__n_estimators': 2, 'model__reg_alpha': 1.0, 'model__reg_lambda': 0.0001, 'model__subsample': 0.8}"
18,0.3106503535468479,0.49,40.14,"{'model__colsample_bytree': 0.5, 'model__learning_rate': 0.05, 'model__max_depth': 30, 'model__min_child_weight': 8, 'model__n_estimators': 32, 'model__reg_alpha': 0.1, 'model__reg_lambda': 0.1, 'model__subsample': 0.8}"
19,0.33982875932916345,0.51,37.39,"{'model__colsample_bytree': 1.0, 'model__learning_rate': 0.09, 'model__max_depth': 1, 'model__min_child_weight': 1, 'model__n_estimators': 16, 'model__reg_alpha': 0.1, 'model__reg_lambda': 0.1, 'model__subsample': 1.0}"
20,0.2994278897844188,0.47,41.7,"{'model__colsample_bytree': 0.5, 'model__learning_rate': 0.09, 'model__max_depth': 80, 'model__min_child_weight': 1, 'model__n_estimators': 38, 'model__reg_alpha': 1.0, 'model__reg_lambda': 0.1, 'model__subsample': 1.0}"
21,0.302457170212599,0.42,39.75,"{'model__colsample_bytree': 0.5, 'model__learning_rate': 0.26, 'model__max_depth': 60, 'model__min_child_weight': 6, 'model__n_estimators': 44, 'model__reg_alpha': 0.0001, 'model__reg_lambda': 0.001, 'model__subsample': 1.0}"
22,0.2957629313389263,0.49,43.8,"{'model__colsample_bytree': 0.6, 'model__learning_rate': 0.13, 'model__max_depth': 90, 'model__min_child_weight': 6, 'model__n_estimators': 38, 'model__reg_alpha': 1.0, 'model__reg_lambda': 1.0, 'model__subsample': 0.9}"
23,0.2957629313389263,0.49,40.33,"{'model__colsample_bytree': 0.6, 'model__learning_rate': 0.13, 'model__max_depth': 90, 'model__min_child_weight': 6, 'model__n_estimators': 38, 'model__reg_alpha': 1.0, 'model__reg_lambda': 1.0, 'model__subsample': 0.9}"
24,0.2957629313389263,0.49,39.93,"{'model__colsample_bytree': 0.6, 'model__learning_rate': 0.13, 'model__max_depth': 90, 'model__min_child_weight': 6, 'model__n_estimators': 38, 'model__reg_alpha': 1.0, 'model__reg_lambda': 1.0, 'model__subsample': 0.9}"
25,0.2978975538168148,0.49,40.33,"{'model__colsample_bytree': 0.6, 'model__learning_rate': 0.13, 'model__max_depth': 90, 'model__min_child_weight': 6, 'model__n_estimators': 30, 'model__reg_alpha': 1.0, 'model__reg_lambda': 1.0, 'model__subsample': 0.9}"
26,0.3171248518713262,0.45,38.82,"{'model__colsample_bytree': 0.6, 'model__learning_rate': 0.13, 'model__max_depth': 40, 'model__min_child_weight': 6, 'model__n_estimators': 12, 'model__reg_alpha': 0.0001, 'model__reg_lambda': 1.0, 'model__subsample': 0.9}"
27,0.29605330277893316,0.47,39.55,"{'model__colsample_bytree': 0.6, 'model__learning_rate': 0.16, 'model__max_depth': 90, 'model__min_child_weight': 2, 'model__n_estimators': 40, 'model__reg_alpha': 1.0, 'model__reg_lambda': 1.0, 'model__subsample': 0.9}"
28,0.31538262323128474,0.48,40.29,"{'model__colsample_bytree': 0.6, 'model__learning_rate': 0.03, 'model__max_depth': 90, 'model__min_child_weight': 10, 'model__n_estimators': 38, 'model__reg_alpha': 1.0, 'model__reg_lambda': 1.0, 'model__subsample': 0.6}"
29,0.3019784497304254,0.43,40.52,"{'model__colsample_bytree': 0.6, 'model__learning_rate': 0.28, 'model__max_depth': 90, 'model__min_child_weight': 8, 'model__n_estimators': 36, 'model__reg_alpha': 1.0, 'model__reg_lambda': 1.0, 'model__subsample': 0.5}"
30,0.2994200419076619,0.4,40.93,"{'model__colsample_bytree': 0.6, 'model__learning_rate': 0.2, 'model__max_depth': 90, 'model__min_child_weight': 4, 'model__n_estimators': 50, 'model__reg_alpha': 1.0, 'model__reg_lambda': 1.0, 'model__subsample': 0.9}"
31,0.2970342873735511,0.46,42.47,"{'model__colsample_bytree': 0.6, 'model__learning_rate': 0.13, 'model__max_depth': 40, 'model__min_child_weight': 9, 'model__n_estimators': 42, 'model__reg_alpha': 0.0001, 'model__reg_lambda': 1.0, 'model__subsample': 0.9}"
32,0.31772129050485387,0.49,43.09,"{'model__colsample_bytree': 0.7, 'model__learning_rate': 0.13, 'model__max_depth': 60, 'model__min_child_weight': 6, 'model__n_estimators': 8, 'model__reg_alpha': 1.0, 'model__reg_lambda': 1.0, 'model__subsample': 0.9}"
33,0.3007149415725575,0.49,40.45,"{'model__colsample_bytree': 0.8, 'model__learning_rate': 0.24, 'model__max_depth': 30, 'model__min_child_weight': 6, 'model__n_estimators': 20, 'model__reg_alpha': 1.0, 'model__reg_lambda': 1.0, 'model__subsample': 0.7}"
34,0.29486042551187774,0.45,46.13,"{'model__colsample_bytree': 1.0, 'model__learning_rate': 0.13, 'model__max_depth': 90, 'model__min_child_weight': 5, 'model__n_estimators': 48, 'model__reg_alpha': 0.0001, 'model__reg_lambda': 1.0, 'model__subsample': 0.9}"
35,0.30463887995102923,0.4,41.91,"{'model__colsample_bytree': 1.0, 'model__learning_rate': 0.22, 'model__max_depth': 20, 'model__min_child_weight': 8, 'model__n_estimators': 48, 'model__reg_alpha': 0.0001, 'model__reg_lambda': 0.0001, 'model__subsample': 0.5}"
36,0.30014989444605766,0.44,40.73,"{'model__colsample_bytree': 1.0, 'model__learning_rate': 0.26, 'model__max_depth': 90, 'model__min_child_weight': 5, 'model__n_estimators': 22, 'model__reg_alpha': 0.0001, 'model__reg_lambda': 1.0, 'model__subsample': 0.6}"
37,0.2992709322492799,0.44,42.71,"{'model__colsample_bytree': 1.0, 'model__learning_rate': 0.18, 'model__max_depth': 10, 'model__min_child_weight': 5, 'model__n_estimators': 48, 'model__reg_alpha': 0.0001, 'model__reg_lambda': 0.001, 'model__subsample': 0.9}"
38,0.3052667100915847,0.44,40.62,"{'model__colsample_bytree': 1.0, 'model__learning_rate': 0.3, 'model__max_depth': 70, 'model__min_child_weight': 5, 'model__n_estimators': 34, 'model__reg_alpha': 0.0001, 'model__reg_lambda': 0.0001, 'model__subsample': 0.9}"
39,0.3108936377263132,0.48,43.99,"{'model__colsample_bytree': 1.0, 'model__learning_rate': 0.03, 'model__max_depth': 100, 'model__min_child_weight': 4, 'model__n_estimators': 48, 'model__reg_alpha': 0.001, 'model__reg_lambda': 1.0, 'model__subsample': 0.7}"
40,0.32742126617643597,0.5,37.8,"{'model__colsample_bytree': 0.8, 'model__learning_rate': 0.07, 'model__max_depth': 20, 'model__min_child_weight': 5, 'model__n_estimators': 4, 'model__reg_alpha': 0.0001, 'model__reg_lambda': 0.01, 'model__subsample': 0.8}"
41,0.3074876592137997,0.38,45.47,"{'model__colsample_bytree': 1.0, 'model__learning_rate': 0.28, 'model__max_depth': 40, 'model__min_child_weight': 2, 'model__n_estimators': 46, 'model__reg_alpha': 0.001, 'model__reg_lambda': 0.001, 'model__subsample': 0.5}"
42,0.31115261765929225,0.45,38.65,"{'model__colsample_bytree': 0.7, 'model__learning_rate': 0.15, 'model__max_depth': 90, 'model__min_child_weight': 7, 'model__n_estimators': 14, 'model__reg_alpha': 0.0001, 'model__reg_lambda': 1.0, 'model__subsample': 0.6}"
43,0.32892021063701216,0.47,38.82,"{'model__colsample_bytree': 0.8, 'model__learning_rate': 0.2, 'model__max_depth': 1, 'model__min_child_weight': 3, 'model__n_estimators': 24, 'model__reg_alpha': 0.01, 'model__reg_lambda': 0.0001, 'model__subsample': 0.9}"
44,0.30025976472065485,0.46,40.17,"{'model__colsample_bytree': 1.0, 'model__learning_rate': 0.16, 'model__max_depth': 60, 'model__min_child_weight': 10, 'model__n_estimators': 26, 'model__reg_alpha': 0.001, 'model__reg_lambda': 0.01, 'model__subsample': 0.9}"
45,0.30692261208729976,0.42,39.95,"{'model__colsample_bytree': 0.9, 'model__learning_rate': 0.24, 'model__max_depth': 30, 'model__min_child_weight': 9, 'model__n_estimators': 30, 'model__reg_alpha': 0.1, 'model__reg_lambda': 1.0, 'model__subsample': 0.8}"
46,0.31135666245497284,0.46,39.01,"{'model__colsample_bytree': 0.7, 'model__learning_rate': 0.11, 'model__max_depth': 50, 'model__min_child_weight': 5, 'model__n_estimators': 18, 'model__reg_alpha': 0.01, 'model__reg_lambda': 0.001, 'model__subsample': 0.7}"
47,0.3217629470346798,0.49,37.36,"{'model__colsample_bytree': 1.0, 'model__learning_rate': 0.13, 'model__max_depth': 100, 'model__min_child_weight': 4, 'model__n_estimators': 6, 'model__reg_alpha': 0.0001, 'model__reg_lambda': 0.1, 'model__subsample': 0.9}"
48,0.30861775346679954,0.48,38.8,"{'model__colsample_bytree': 0.9, 'model__learning_rate': 0.22, 'model__max_depth': 70, 'model__min_child_weight': 2, 'model__n_estimators': 10, 'model__reg_alpha': 0.1, 'model__reg_lambda': 0.01, 'model__subsample': 0.5}"
49,0.32630686767695005,0.5,38.14,"{'model__colsample_bytree': 0.8, 'model__learning_rate': 0.01, 'model__max_depth': 10, 'model__min_child_weight': 7, 'model__n_estimators': 16, 'model__reg_alpha': 0.001, 'model__reg_lambda': 1.0, 'model__subsample': 0.6}"
50,0.3094653241565495,0.49,39.4,"{'model__colsample_bytree': 0.5, 'model__learning_rate': 0.18, 'model__max_depth': 80, 'model__min_child_weight': 3, 'model__n_estimators': 12, 'model__reg_alpha': 0.01, 'model__reg_lambda': 0.0001, 'model__subsample': 1.0}"
51,0.2982350125173634,0.41,42.23,"{'model__colsample_bytree': 1.0, 'model__learning_rate': 0.15, 'model__max_depth': 90, 'model__min_child_weight': 5, 'model__n_estimators': 48, 'model__reg_alpha': 0.0001, 'model__reg_lambda': 0.1, 'model__subsample': 0.9}"
52,0.33200442620249093,0.49,43.15,"{'model__colsample_bytree': 0.6, 'model__learning_rate': 0.07, 'model__max_depth': 1, 'model__min_child_weight': 1, 'model__n_estimators': 44, 'model__reg_alpha': 0.1, 'model__reg_lambda': 1.0, 'model__subsample': 0.8}"
53,0.3047330544721125,0.46,39.5,"{'model__colsample_bytree': 0.9, 'model__learning_rate': 0.13, 'model__max_depth': 50, 'model__min_child_weight': 10, 'model__n_estimators': 20, 'model__reg_alpha': 0.0001, 'model__reg_lambda': 0.001, 'model__subsample': 0.7}"
54,0.30037748287200894,0.48,39.85,"{'model__colsample_bytree': 0.7, 'model__learning_rate': 0.11, 'model__max_depth': 90, 'model__min_child_weight': 9, 'model__n_estimators': 32, 'model__reg_alpha': 1.0, 'model__reg_lambda': 0.01, 'model__subsample': 1.0}"
55,0.30827244688949407,0.48,40.85,"{'model__colsample_bytree': 0.5, 'model__learning_rate': 0.05, 'model__max_depth': 20, 'model__min_child_weight': 8, 'model__n_estimators': 40, 'model__reg_alpha': 0.001, 'model__reg_lambda': 1.0, 'model__subsample': 0.9}"
56,0.2978426186795162,0.48,41.67,"{'model__colsample_bytree': 0.6, 'model__learning_rate': 0.09, 'model__max_depth': 80, 'model__min_child_weight': 6, 'model__n_estimators': 42, 'model__reg_alpha': 0.01, 'model__reg_lambda': 0.1, 'model__subsample': 0.9}"
57,0.30198629760718243,0.41,42.69,"{'model__colsample_bytree': 1.0, 'model__learning_rate': 0.26, 'model__max_depth': 30, 'model__min_child_weight': 5, 'model__n_estimators': 36, 'model__reg_alpha': 1.0, 'model__reg_lambda': 0.0001, 'model__subsample': 0.6}"
58,0.3091984963468134,0.38,40.25,"{'model__colsample_bytree': 0.8, 'model__learning_rate': 0.3, 'model__max_depth': 90, 'model__min_child_weight': 7, 'model__n_estimators': 50, 'model__reg_alpha': 0.1, 'model__reg_lambda': 1.0, 'model__subsample': 0.5}"
59,0.29732465881355796,0.46,40.71,"{'model__colsample_bytree': 0.6, 'model__learning_rate': 0.13, 'model__max_depth': 100, 'model__min_child_weight': 6, 'model__n_estimators': 38, 'model__reg_alpha': 0.0001, 'model__reg_lambda': 1.0, 'model__subsample': 0.9}"
60,0.32778226850725534,0.5,37.69,"{'model__colsample_bytree': 0.9, 'model__learning_rate': 0.03, 'model__max_depth': 60, 'model__min_child_weight': 3, 'model__n_estimators': 8, 'model__reg_alpha': 1.0, 'model__reg_lambda': 0.001, 'model__subsample': 0.8}"
61,0.3008012682168839,0.43,44.21,"{'model__colsample_bytree': 0.6, 'model__learning_rate': 0.16, 'model__max_depth': 70, 'model__min_child_weight': 1, 'model__n_estimators': 46, 'model__reg_alpha': 1.0, 'model__reg_lambda': 1.0, 'model__subsample': 1.0}"
62,0.32783720364455393,0.5,37.45,"{'model__colsample_bytree': 0.5, 'model__learning_rate': 0.13, 'model__max_depth': 40, 'model__min_child_weight': 2, 'model__n_estimators': 2, 'model__reg_alpha': 0.01, 'model__reg_lambda': 0.1, 'model__subsample': 0.9}"
63,0.30047165739309234,0.48,38.73,"{'model__colsample_bytree': 0.7, 'model__learning_rate': 0.28, 'model__max_depth': 90, 'model__min_child_weight': 4, 'model__n_estimators': 22, 'model__reg_alpha': 0.0001, 'model__reg_lambda': 0.01, 'model__subsample': 0.7}"
64,0.32334037026282536,0.49,38.28,"{'model__colsample_bytree': 1.0, 'model__learning_rate': 0.2, 'model__max_depth': 10, 'model__min_child_weight': 6, 'model__n_estimators': 4, 'model__reg_alpha': 1.0, 'model__reg_lambda': 1.0, 'model__subsample': 0.9}"
65,0.324093766431492,0.49,37.87,"{'model__colsample_bytree': 0.6, 'model__learning_rate': 0.24, 'model__max_depth': 1, 'model__min_child_weight': 8, 'model__n_estimators': 26, 'model__reg_alpha': 0.1, 'model__reg_lambda': 0.0001, 'model__subsample': 0.5}"
66,0.2957629313389263,0.49,39.41,"{'model__colsample_bytree': 0.6, 'model__learning_rate': 0.13, 'model__max_depth': 90, 'model__min_child_weight': 6, 'model__n_estimators': 38, 'model__reg_alpha': 1.0, 'model__reg_lambda': 1.0, 'model__subsample': 0.9}"
67,0.2957629313389263,0.49,40.14,"{'model__colsample_bytree': 0.6, 'model__learning_rate': 0.13, 'model__max_depth': 90, 'model__min_child_weight': 6, 'model__n_estimators': 38, 'model__reg_alpha': 1.0, 'model__reg_lambda': 1.0, 'model__subsample': 0.9}"
68,0.2957629313389263,0.49,40.36,"{'model__colsample_bytree': 0.6, 'model__learning_rate': 0.13, 'model__max_depth': 90, 'model__min_child_weight': 6, 'model__n_estimators': 38, 'model__reg_alpha': 1.0, 'model__reg_lambda': 1.0, 'model__subsample': 0.9}"
69,0.2957629313389263,0.49,39.23,"{'model__colsample_bytree': 0.6, 'model__learning_rate': 0.13, 'model__max_depth': 90, 'model__min_child_weight': 6, 'model__n_estimators': 38, 'model__reg_alpha': 1.0, 'model__reg_lambda': 1.0, 'model__subsample': 0.9}"
70,0.2957786270924402,0.5,41.72,"{'model__colsample_bytree': 0.6, 'model__learning_rate': 0.13, 'model__max_depth': 90, 'model__min_child_weight': 6, 'model__n_estimators': 34, 'model__reg_alpha': 1.0, 'model__reg_lambda': 1.0, 'model__subsample': 0.9}"
71,0.3294774098867551,0.5,38.65,"{'model__colsample_bytree': 0.6, 'model__learning_rate': 0.01, 'model__max_depth': 90, 'model__min_child_weight': 5, 'model__n_estimators': 14, 'model__reg_alpha': 1.0, 'model__reg_lambda': 1.0, 'model__subsample': 0.9}"
72,0.31289484629933373,0.49,40.82,"{'model__colsample_bytree': 0.6, 'model__learning_rate': 0.05, 'model__max_depth': 50, 'model__min_child_weight': 10, 'model__n_estimators': 28, 'model__reg_alpha': 1.0, 'model__reg_lambda': 1.0, 'model__subsample': 0.9}"
73,0.2969479607292247,0.49,45.08,"{'model__colsample_bytree': 0.6, 'model__learning_rate': 0.22, 'model__max_depth': 90, 'model__min_child_weight': 6, 'model__n_estimators': 38, 'model__reg_alpha': 1.0, 'model__reg_lambda': 1.0, 'model__subsample': 0.9}"
74,0.3269582414477763,0.49,38.9,"{'model__colsample_bytree': 1.0, 'model__learning_rate': 0.07, 'model__max_depth': 20, 'model__min_child_weight': 9, 'model__n_estimators': 6, 'model__reg_alpha': 0.0001, 'model__reg_lambda': 1.0, 'model__subsample': 0.6}"
75,0.3104541566279243,0.46,40.35,"{'model__colsample_bytree': 0.8, 'model__learning_rate': 0.09, 'model__max_depth': 40, 'model__min_child_weight': 5, 'model__n_estimators': 24, 'model__reg_alpha': 0.001, 'model__reg_lambda': 0.001, 'model__subsample': 0.8}"
76,0.2979681847076273,0.41,41.03,"{'model__colsample_bytree': 0.5, 'model__learning_rate': 0.18, 'model__max_depth': 80, 'model__min_child_weight': 6, 'model__n_estimators': 48, 'model__reg_alpha': 1.0, 'model__reg_lambda': 1.0, 'model__subsample': 1.0}"
77,0.30980278285709806,0.44,38.4,"{'model__colsample_bytree': 0.6, 'model__learning_rate': 0.13, 'model__max_depth': 90, 'model__min_child_weight': 1, 'model__n_estimators': 18, 'model__reg_alpha': 0.0001, 'model__reg_lambda': 1.0, 'model__subsample': 0.9}"
78,0.3075582901046122,0.47,39.18,"{'model__colsample_bytree': 1.0, 'model__learning_rate': 0.3, 'model__max_depth': 60, 'model__min_child_weight': 7, 'model__n_estimators': 12, 'model__reg_alpha': 0.01, 'model__reg_lambda': 0.01, 'model__subsample': 0.7}"
79,0.31371887335881277,0.45,39.24,"{'model__colsample_bytree': 0.9, 'model__learning_rate': 0.26, 'model__max_depth': 30, 'model__min_child_weight': 4, 'model__n_estimators': 10, 'model__reg_alpha': 1.0, 'model__reg_lambda': 0.1, 'model__subsample': 0.9}"
80,0.29639076147948173,0.47,39.86,"{'model__colsample_bytree': 0.7, 'model__learning_rate': 0.15, 'model__max_depth': 100, 'model__min_child_weight': 6, 'model__n_estimators': 38, 'model__reg_alpha': 1.0, 'model__reg_lambda': 1.0, 'model__subsample': 0.9}"
81,0.30178225281150184,0.46,40.16,"{'model__colsample_bytree': 1.0, 'model__learning_rate': 0.11, 'model__max_depth': 70, 'model__min_child_weight': 3, 'model__n_estimators': 30, 'model__reg_alpha': 0.0001, 'model__reg_lambda': 0.0001, 'model__subsample': 0.5}"
82,0.2954411683918916,0.45,45.93,"{'model__colsample_bytree': 0.6, 'model__learning_rate': 0.13, 'model__max_depth': 10, 'model__min_child_weight': 2, 'model__n_estimators': 48, 'model__reg_alpha': 0.001, 'model__reg_lambda': 1.0, 'model__subsample': 0.6}"
83,0.3120786671166116,0.48,41.45,"{'model__colsample_bytree': 0.8, 'model__learning_rate': 0.03, 'model__max_depth': 10, 'model__min_child_weight': 2, 'model__n_estimators': 48, 'model__reg_alpha': 0.001, 'model__reg_lambda': 0.001, 'model__subsample': 0.6}"
84,0.30295158644828646,0.41,41.48,"{'model__colsample_bytree': 0.6, 'model__learning_rate': 0.28, 'model__max_depth': 10, 'model__min_child_weight': 2, 'model__n_estimators': 48, 'model__reg_alpha': 0.001, 'model__reg_lambda': 1.0, 'model__subsample': 0.6}"
85,0.29737959395085656,0.43,42.91,"{'model__colsample_bytree': 1.0, 'model__learning_rate': 0.13, 'model__max_depth': 10, 'model__min_child_weight': 2, 'model__n_estimators': 48, 'model__reg_alpha': 0.001, 'model__reg_lambda': 0.01, 'model__subsample': 0.6}"
86,0.29731681093680107,0.45,40.66,"{'model__colsample_bytree': 0.5, 'model__learning_rate': 0.16, 'model__max_depth': 10, 'model__min_child_weight': 2, 'model__n_estimators': 44, 'model__reg_alpha': 0.001, 'model__reg_lambda': 0.1, 'model__subsample': 0.6}"
87,0.30312423973693914,0.47,39.79,"{'model__colsample_bytree': 0.9, 'model__learning_rate': 0.2, 'model__max_depth': 10, 'model__min_child_weight': 2, 'model__n_estimators': 16, 'model__reg_alpha': 0.001, 'model__reg_lambda': 1.0, 'model__subsample': 0.6}"
88,0.30148403349473796,0.44,39.81,"{'model__colsample_bytree': 0.7, 'model__learning_rate': 0.24, 'model__max_depth': 20, 'model__min_child_weight': 5, 'model__n_estimators': 32, 'model__reg_alpha': 0.001, 'model__reg_lambda': 0.0001, 'model__subsample': 0.6}"
89,0.3415788358459618,0.5,39.19,"{'model__colsample_bytree': 0.6, 'model__learning_rate': 0.01, 'model__max_depth': 1, 'model__min_child_weight': 8, 'model__n_estimators': 20, 'model__reg_alpha': 0.001, 'model__reg_lambda': 1.0, 'model__subsample': 0.6}"
90,0.30267691076179337,0.45,41.15,"{'model__colsample_bytree': 1.0, 'model__learning_rate': 0.22, 'model__max_depth': 50, 'model__min_child_weight': 10, 'model__n_estimators': 36, 'model__reg_alpha': 0.1, 'model__reg_lambda': 0.001, 'model__subsample': 0.8}"
91,0.2996633260871271,0.47,48.68,"{'model__colsample_bytree': 0.8, 'model__learning_rate': 0.13, 'model__max_depth': 10, 'model__min_child_weight': 9, 'model__n_estimators': 40, 'model__reg_alpha': 0.0001, 'model__reg_lambda': 1.0, 'model__subsample': 1.0}"
92,0.2968694819616553,0.45,41.95,"{'model__colsample_bytree': 0.6, 'model__learning_rate': 0.18, 'model__max_depth': 80, 'model__min_child_weight': 2, 'model__n_estimators': 50, 'model__reg_alpha': 0.001, 'model__reg_lambda': 0.01, 'model__subsample': 0.7}"
93,0.30494494714455,0.46,40.65,"{'model__colsample_bytree': 0.5, 'model__learning_rate': 0.07, 'model__max_depth': 30, 'model__min_child_weight': 5, 'model__n_estimators': 42, 'model__reg_alpha': 0.01, 'model__reg_lambda': 0.1, 'model__subsample': 0.6}"
94,0.31519427418911816,0.49,40.2,"{'model__colsample_bytree': 1.0, 'model__learning_rate': 0.05, 'model__max_depth': 60, 'model__min_child_weight': 1, 'model__n_estimators': 22, 'model__reg_alpha': 0.0001, 'model__reg_lambda': 1.0, 'model__subsample': 0.5}"
95,0.32510614253313763,0.47,38.77,"{'model__colsample_bytree': 0.9, 'model__learning_rate': 0.09, 'model__max_depth': 40, 'model__min_child_weight': 7, 'model__n_estimators': 8, 'model__reg_alpha': 0.001, 'model__reg_lambda': 0.0001, 'model__subsample': 0.8}"
96,0.332271254012227,0.49,38.64,"{'model__colsample_bytree': 0.6, 'model__learning_rate': 0.13, 'model__max_depth': 100, 'model__min_child_weight': 3, 'model__n_estimators': 2, 'model__reg_alpha': 0.1, 'model__reg_lambda': 1.0, 'model__subsample': 1.0}"
97,0.29775629203518983,0.41,41.99,"{'model__colsample_bytree': 0.7, 'model__learning_rate': 0.15, 'model__max_depth': 70, 'model__min_child_weight': 4, 'model__n_estimators': 48, 'model__reg_alpha': 0.0001, 'model__reg_lambda': 1.0, 'model__subsample': 0.6}"
98,0.31823140249405524,0.48,37.87,"{'model__colsample_bytree': 1.0, 'model__learning_rate': 0.3, 'model__max_depth': 1, 'model__min_child_weight': 5, 'model__n_estimators': 34, 'model__reg_alpha': 0.001, 'model__reg_lambda': 0.001, 'model__subsample': 0.7}"
99,0.3286376870737622,0.48,38.94,"{'model__colsample_bytree': 0.6, 'model__learning_rate': 0.11, 'model__max_depth': 10, 'model__min_child_weight': 8, 'model__n_estimators': 4, 'model__reg_alpha': 0.01, 'model__reg_lambda': 1.0, 'model__subsample': 0.5}"
100,0.30182934007204354,0.41,40.97,"{'model__colsample_bytree': 0.8, 'model__learning_rate': 0.13, 'model__max_depth': 20, 'model__min_child_weight': 2, 'model__n_estimators': 46, 'model__reg_alpha': 0.0001, 'model__reg_lambda': 0.01, 'model__subsample': 0.6}"
101,0.3038776359056058,0.47,43.06,"{'model__colsample_bytree': 0.6, 'model__learning_rate': 0.26, 'model__max_depth': 50, 'model__min_child_weight': 10, 'model__n_estimators': 14, 'model__reg_alpha': 0.1, 'model__reg_lambda': 0.1, 'model__subsample': 0.8}"
102,0.31270649725716704,0.47,42.65,"{'model__colsample_bytree': 1.0, 'model__learning_rate': 0.03, 'model__max_depth': 90, 'model__min_child_weight': 9, 'model__n_estimators': 48, 'model__reg_alpha': 0.001, 'model__reg_lambda': 1.0, 'model__subsample': 1.0}"
103,0.31928301797948566,0.5,40.07,"{'model__colsample_bytree': 0.5, 'model__learning_rate': 0.16, 'model__max_depth': 80, 'model__min_child_weight': 5, 'model__n_estimators': 6, 'model__reg_alpha': 0.0001, 'model__reg_lambda': 0.0001, 'model__subsample': 0.9}"
104,0.3021589508958351,0.46,40.36,"{'model__colsample_bytree': 0.6, 'model__learning_rate': 0.13, 'model__max_depth': 30, 'model__min_child_weight': 2, 'model__n_estimators': 28, 'model__reg_alpha': 0.01, 'model__reg_lambda': 1.0, 'model__subsample': 0.9}"
105,0.3024022350753004,0.48,40.66,"{'model__colsample_bytree': 0.9, 'model__learning_rate': 0.28, 'model__max_depth': 40, 'model__min_child_weight': 1, 'model__n_estimators': 26, 'model__reg_alpha': 0.001, 'model__reg_lambda': 1.0, 'model__subsample': 0.7}"
106,0.3006364628049881,0.45,40.34,"{'model__colsample_bytree': 0.7, 'model__learning_rate': 0.2, 'model__max_depth': 60, 'model__min_child_weight': 7, 'model__n_estimators': 24, 'model__reg_alpha': 0.0001, 'model__reg_lambda': 1.0, 'model__subsample': 0.6}"
107,0.31144298909929924,0.46,39.11,"{'model__colsample_bytree': 0.6, 'model__learning_rate': 0.24, 'model__max_depth': 90, 'model__min_child_weight': 3, 'model__n_estimators': 10, 'model__reg_alpha': 0.1, 'model__reg_lambda': 0.001, 'model__subsample': 0.9}"
108,0.33051332961867164,0.5,39.3,"{'model__colsample_bytree': 1.0, 'model__learning_rate': 0.01, 'model__max_depth': 100, 'model__min_child_weight': 5, 'model__n_estimators': 18, 'model__reg_alpha': 0.0001, 'model__reg_lambda': 1.0, 'model__subsample': 0.5}"
109,0.2985175360806134,0.48,40.4,"{'model__colsample_bytree': 0.6, 'model__learning_rate': 0.13, 'model__max_depth': 70, 'model__min_child_weight': 4, 'model__n_estimators': 30, 'model__reg_alpha': 0.001, 'model__reg_lambda': 0.01, 'model__subsample': 0.9}"
110,0.3047487502256264,0.48,38.53,"{'model__colsample_bytree': 0.8, 'model__learning_rate': 0.22, 'model__max_depth': 10, 'model__min_child_weight': 8, 'model__n_estimators': 16, 'model__reg_alpha': 0.01, 'model__reg_lambda': 0.1, 'model__subsample': 0.6}"
111,0.29649278387732203,0.46,45.01,"{'model__colsample_bytree': 1.0, 'model__learning_rate': 0.13, 'model__max_depth': 90, 'model__min_child_weight': 10, 'model__n_estimators': 48, 'model__reg_alpha': 0.0001, 'model__reg_lambda': 1.0, 'model__subsample': 0.8}"
112,0.34009558713889954,0.5,37.9,"{'model__colsample_bytree': 0.6, 'model__learning_rate': 0.05, 'model__max_depth': 1, 'model__min_child_weight': 2, 'model__n_estimators': 12, 'model__reg_alpha': 1.0, 'model__reg_lambda': 0.0001, 'model__subsample': 0.9}"
113,0.29872158087629397,0.44,40.43,"{'model__colsample_bytree': 0.5, 'model__learning_rate': 0.18, 'model__max_depth': 90, 'model__min_child_weight': 9, 'model__n_estimators': 44, 'model__reg_alpha': 0.1, 'model__reg_lambda': 1.0, 'model__subsample': 1.0}"
114,0.3065459140029665,0.48,40.02,"{'model__colsample_bytree': 0.9, 'model__learning_rate': 0.07, 'model__max_depth': 10, 'model__min_child_weight': 5, 'model__n_estimators': 32, 'model__reg_alpha': 0.001, 'model__reg_lambda': 1.0, 'model__subsample': 0.7}"
115,0.29595128038109286,0.46,40.51,"{'model__colsample_bytree': 0.7, 'model__learning_rate': 0.15, 'model__max_depth': 20, 'model__min_child_weight': 6, 'model__n_estimators': 40, 'model__reg_alpha': 1.0, 'model__reg_lambda': 0.001, 'model__subsample': 0.9}"
116,0.3102971990927854,0.49,39.28,"{'model__colsample_bytree': 0.6, 'model__learning_rate': 0.09, 'model__max_depth': 50, 'model__min_child_weight': 1, 'model__n_estimators': 20, 'model__reg_alpha': 0.0001, 'model__reg_lambda': 1.0, 'model__subsample': 0.6}"
117,0.2997810442384813,0.46,41.67,"{'model__colsample_bytree': 1.0, 'model__learning_rate': 0.13, 'model__max_depth': 90, 'model__min_child_weight': 7, 'model__n_estimators': 36, 'model__reg_alpha': 1.0, 'model__reg_lambda': 0.01, 'model__subsample': 0.9}"
118,0.30560416879213326,0.42,40.41,"{'model__colsample_bytree': 0.6, 'model__learning_rate': 0.3, 'model__max_depth': 80, 'model__min_child_weight': 2, 'model__n_estimators': 42, 'model__reg_alpha': 0.001, 'model__reg_lambda': 0.1, 'model__subsample': 0.5}"
119,0.3035323293283002,0.43,40.16,"{'model__colsample_bytree': 0.8, 'model__learning_rate': 0.26, 'model__max_depth': 30, 'model__min_child_weight': 4, 'model__n_estimators': 50, 'model__reg_alpha': 0.01, 'model__reg_lambda': 1.0, 'model__subsample': 0.6}"
120,0.36205394630482723,0.5,38.51,"{'model__colsample_bytree': 1.0, 'model__learning_rate': 0.03, 'model__max_depth': 100, 'model__min_child_weight': 3, 'model__n_estimators': 2, 'model__reg_alpha': 0.0001, 'model__reg_lambda': 0.0001, 'model__subsample': 0.9}"
121,0.3229950636855199,0.47,37.83,"{'model__colsample_bytree': 0.6, 'model__learning_rate': 0.11, 'model__max_depth': 60, 'model__min_child_weight': 6, 'model__n_estimators': 8, 'model__reg_alpha': 1.0, 'model__reg_lambda': 1.0, 'model__subsample': 0.8}"
122,0.3064125000980985,0.45,42.84,"{'model__colsample_bytree': 0.5, 'model__learning_rate': 0.13, 'model__max_depth': 40, 'model__min_child_weight': 5, 'model__n_estimators': 22, 'model__reg_alpha': 0.001, 'model__reg_lambda': 1.0, 'model__subsample': 1.0}"
123,0.299679021840641,0.44,40.38,"{'model__colsample_bytree': 0.7, 'model__learning_rate': 0.2, 'model__max_depth': 10, 'model__min_child_weight': 8, 'model__n_estimators': 48, 'model__reg_alpha': 0.1, 'model__reg_lambda': 1.0, 'model__subsample': 0.9}"
124,0.3048350768699528,0.41,40.75,"{'model__colsample_bytree': 0.9, 'model__learning_rate': 0.28, 'model__max_depth': 70, 'model__min_child_weight': 10, 'model__n_estimators': 46, 'model__reg_alpha': 0.0001, 'model__reg_lambda': 0.001, 'model__subsample': 0.7}"
125,0.3202796983276175,0.49,38.0,"{'model__colsample_bytree': 0.6, 'model__learning_rate': 0.24, 'model__max_depth': 90, 'model__min_child_weight': 2, 'model__n_estimators': 4, 'model__reg_alpha': 1.0, 'model__reg_lambda': 0.01, 'model__subsample': 0.6}"
126,0.29994584965037707,0.45,40.83,"{'model__colsample_bytree': 1.0, 'model__learning_rate': 0.16, 'model__max_depth': 90, 'model__min_child_weight': 6, 'model__n_estimators': 34, 'model__reg_alpha': 0.001, 'model__reg_lambda': 0.1, 'model__subsample': 0.9}"
127,0.3253180352055751,0.49,38.47,"{'model__colsample_bytree': 0.6, 'model__learning_rate': 0.13, 'model__max_depth': 1, 'model__min_child_weight': 9, 'model__n_estimators': 38, 'model__reg_alpha': 1.0, 'model__reg_lambda': 1.0, 'model__subsample': 0.5}"
128,0.32239862505199224,0.5,39.13,"{'model__colsample_bytree': 0.8, 'model__learning_rate': 0.01, 'model__max_depth': 10, 'model__min_child_weight': 5, 'model__n_estimators': 28, 'model__reg_alpha': 0.01, 'model__reg_lambda': 1.0, 'model__subsample': 0.6}"
129,0.2953705375010791,0.47,42.23,"{'model__colsample_bytree': 1.0, 'model__learning_rate': 0.13, 'model__max_depth': 50, 'model__min_child_weight': 1, 'model__n_estimators': 48, 'model__reg_alpha': 0.0001, 'model__reg_lambda': 0.0001, 'model__subsample': 0.9}"
130,0.302590584117467,0.41,40.61,"{'model__colsample_bytree': 1.0, 'model__learning_rate': 0.22, 'model__max_depth': 50, 'model__min_child_weight': 1, 'model__n_estimators': 48, 'model__reg_alpha': 0.0001, 'model__reg_lambda': 0.0001, 'model__subsample': 0.8}"
131,0.30679704605918867,0.46,46.99,"{'model__colsample_bytree': 1.0, 'model__learning_rate': 0.05, 'model__max_depth': 50, 'model__min_child_weight': 1, 'model__n_estimators': 48, 'model__reg_alpha': 0.0001, 'model__reg_lambda': 0.0001, 'model__subsample': 0.9}"
132,0.2983919700525023,0.45,41.64,"{'model__colsample_bytree': 1.0, 'model__learning_rate': 0.18, 'model__max_depth': 50, 'model__min_child_weight': 1, 'model__n_estimators': 48, 'model__reg_alpha': 0.0001, 'model__reg_lambda': 0.0001, 'model__subsample': 1.0}"
133,0.3184432951664927,0.49,38.73,"{'model__colsample_bytree': 1.0, 'model__learning_rate': 0.07, 'model__max_depth': 50, 'model__min_child_weight': 1, 'model__n_estimators': 14, 'model__reg_alpha': 0.0001, 'model__reg_lambda': 0.0001, 'model__subsample': 0.7}"
134,0.2953705375010791,0.47,43.07,"{'model__colsample_bytree': 1.0, 'model__learning_rate': 0.13, 'model__max_depth': 50, 'model__min_child_weight': 1, 'model__n_estimators': 48, 'model__reg_alpha': 0.0001, 'model__reg_lambda': 0.0001, 'model__subsample': 0.9}"
135,0.2995534558125299,0.47,40.68,"{'model__colsample_bytree': 1.0, 'model__learning_rate': 0.15, 'model__max_depth': 50, 'model__min_child_weight': 1, 'model__n_estimators': 26, 'model__reg_alpha': 0.0001, 'model__reg_lambda': 0.0001, 'model__subsample': 0.9}"
136,0.32511399040989464,0.49,39.67,"{'model__colsample_bytree': 1.0, 'model__learning_rate': 0.09, 'model__max_depth': 50, 'model__min_child_weight': 1, 'model__n_estimators': 6, 'model__reg_alpha': 0.0001, 'model__reg_lambda': 0.0001, 'model__subsample': 0.9}"
137,0.30412092008507097,0.44,40.77,"{'model__colsample_bytree': 1.0, 'model__learning_rate': 0.3, 'model__max_depth': 50, 'model__min_child_weight': 1, 'model__n_estimators': 24, 'model__reg_alpha': 0.0001, 'model__reg_lambda': 0.0001, 'model__subsample': 0.9}"
138,0.2953705375010791,0.47,41.54,"{'model__colsample_bytree': 1.0, 'model__learning_rate': 0.13, 'model__max_depth': 50, 'model__min_child_weight': 1, 'model__n_estimators': 48, 'model__reg_alpha': 0.0001, 'model__reg_lambda': 0.0001, 'model__subsample': 0.9}"
139,0.3160810842626527,0.43,39.69,"{'model__colsample_bytree': 1.0, 'model__learning_rate': 0.26, 'model__max_depth': 50, 'model__min_child_weight': 1, 'model__n_estimators': 10, 'model__reg_alpha': 0.0001, 'model__reg_lambda': 0.0001, 'model__subsample': 0.9}"
140,0.3229322806714643,0.49,39.3,"{'model__colsample_bytree': 1.0, 'model__learning_rate': 0.03, 'model__max_depth': 50, 'model__min_child_weight': 1, 'model__n_estimators': 18, 'model__reg_alpha': 0.0001, 'model__reg_lambda': 0.0001, 'model__subsample': 0.9}"
141,0.3094810199100634,0.46,43.23,"{'model__colsample_bytree': 1.0, 'model__learning_rate': 0.13, 'model__max_depth': 50, 'model__min_child_weight': 1, 'model__n_estimators': 16, 'model__reg_alpha': 0.0001, 'model__reg_lambda': 0.0001, 'model__subsample': 0.9}"
142,0.3023943871985434,0.46,40.35,"{'model__colsample_bytree': 1.0, 'model__learning_rate': 0.11, 'model__max_depth': 50, 'model__min_child_weight': 1, 'model__n_estimators': 30, 'model__reg_alpha': 0.0001, 'model__reg_lambda': 0.0001, 'model__subsample': 0.9}"
143,0.310210872448459,0.39,41.66,"{'model__colsample_bytree': 1.0, 'model__learning_rate': 0.28, 'model__max_depth': 20, 'model__min_child_weight': 7, 'model__n_estimators': 44, 'model__reg_alpha': 0.0001, 'model__reg_lambda': 0.0001, 'model__subsample': 0.9}"
144,0.31229055978904907,0.47,38.74,"{'model__colsample_bytree': 1.0, 'model__learning_rate': 0.16, 'model__max_depth': 80, 'model__min_child_weight': 1, 'model__n_estimators': 12, 'model__reg_alpha': 0.0001, 'model__reg_lambda': 0.0001, 'model__subsample': 0.9}"
145,0.29996939328064787,0.47,41.53,"{'model__colsample_bytree': 1.0, 'model__learning_rate': 0.2, 'model__max_depth': 30, 'model__min_child_weight': 3, 'model__n_estimators': 48, 'model__reg_alpha': 0.0001, 'model__reg_lambda': 0.0001, 'model__subsample': 0.9}"
146,0.2953705375010791,0.47,41.95,"{'model__colsample_bytree': 1.0, 'model__learning_rate': 0.13, 'model__max_depth': 50, 'model__min_child_weight': 1, 'model__n_estimators': 48, 'model__reg_alpha': 0.0001, 'model__reg_lambda': 0.0001, 'model__subsample': 0.9}"
147,0.2953705375010791,0.47,41.48,"{'model__colsample_bytree': 1.0, 'model__learning_rate': 0.13, 'model__max_depth': 50, 'model__min_child_weight': 1, 'model__n_estimators': 48, 'model__reg_alpha': 0.0001, 'model__reg_lambda': 0.0001, 'model__subsample': 0.9}"
148,0.2953705375010791,0.47,42.05,"{'model__colsample_bytree': 1.0, 'model__learning_rate': 0.13, 'model__max_depth': 50, 'model__min_child_weight': 1, 'model__n_estimators': 48, 'model__reg_alpha': 0.0001, 'model__reg_lambda': 0.0001, 'model__subsample': 0.9}"
149,0.2953705375010791,0.47,41.34,"{'model__colsample_bytree': 1.0, 'model__learning_rate': 0.13, 'model__max_depth': 50, 'model__min_child_weight': 1, 'model__n_estimators': 48, 'model__reg_alpha': 0.0001, 'model__reg_lambda': 0.0001, 'model__subsample': 0.9}"
150,0.2996633260871271,0.46,43.67,"{'model__colsample_bytree': 1.0, 'model__learning_rate': 0.13, 'model__max_depth': 50, 'model__min_child_weight': 1, 'model__n_estimators': 36, 'model__reg_alpha': 0.0001, 'model__reg_lambda': 0.0001, 'model__subsample': 0.9}"
151,0.2980388155984398,0.46,41.86,"{'model__colsample_bytree': 1.0, 'model__learning_rate': 0.13, 'model__max_depth': 50, 'model__min_child_weight': 1, 'model__n_estimators': 40, 'model__reg_alpha': 0.0001, 'model__reg_lambda': 0.0001, 'model__subsample': 0.9}"
152,0.30417585522236956,0.48,44.05,"{'model__colsample_bytree': 1.0, 'model__learning_rate': 0.13, 'model__max_depth': 60, 'model__min_child_weight': 4, 'model__n_estimators': 20, 'model__reg_alpha': 0.0001, 'model__reg_lambda': 0.0001, 'model__subsample': 0.9}"
153,0.3024257787055712,0.44,41.35,"{'model__colsample_bytree': 1.0, 'model__learning_rate': 0.24, 'model__max_depth': 40, 'model__min_child_weight': 5, 'model__n_estimators': 32, 'model__reg_alpha': 0.0001, 'model__reg_lambda': 0.0001, 'model__subsample': 0.9}"
154,0.3256633417828806,0.49,43.53,"{'model__colsample_bytree': 1.0, 'model__learning_rate': 0.01, 'model__max_depth': 50, 'model__min_child_weight': 1, 'model__n_estimators': 42, 'model__reg_alpha': 0.0001, 'model__reg_lambda': 0.0001, 'model__subsample': 0.5}"
155,0.3036029602191127,0.4,42.68,"{'model__colsample_bytree': 1.0, 'model__learning_rate': 0.22, 'model__max_depth': 70, 'model__min_child_weight': 8, 'model__n_estimators': 50, 'model__reg_alpha': 0.0001, 'model__reg_lambda': 0.0001, 'model__subsample': 0.9}"
156,0.29917675772819663,0.42,41.1,"{'model__colsample_bytree': 0.5, 'model__learning_rate': 0.13, 'model__max_depth': 100, 'model__min_child_weight': 10, 'model__n_estimators': 48, 'model__reg_alpha': 0.0001, 'model__reg_lambda': 0.0001, 'model__subsample': 0.9}"
157,0.32479222746285996,0.5,38.0,"{'model__colsample_bytree': 0.9, 'model__learning_rate': 0.05, 'model__max_depth': 50, 'model__min_child_weight': 9, 'model__n_estimators': 8, 'model__reg_alpha': 0.0001, 'model__reg_lambda': 0.0001, 'model__subsample': 0.8}"
158,0.34006419563187185,0.5,38.37,"{'model__colsample_bytree': 0.7, 'model__learning_rate': 0.18, 'model__max_depth': 1, 'model__min_child_weight': 1, 'model__n_estimators': 2, 'model__reg_alpha': 0.1, 'model__reg_lambda': 0.001, 'model__subsample': 1.0}"
159,0.30131922808284217,0.47,42.3,"{'model__colsample_bytree': 1.0, 'model__learning_rate': 0.07, 'model__max_depth': 20, 'model__min_child_weight': 5, 'model__n_estimators': 46, 'model__reg_alpha': 0.0001, 'model__reg_lambda': 0.0001, 'model__subsample': 0.9}"
160,0.30984987011763965,0.47,40.45,"{'model__colsample_bytree': 1.0, 'model__learning_rate': 0.09, 'model__max_depth': 50, 'model__min_child_weight': 1, 'model__n_estimators': 22, 'model__reg_alpha': 0.0001, 'model__reg_lambda': 0.01, 'model__subsample': 0.7}"
